,obs_id,date,x,y,taxon.taxon_id,taxon.no_isfs,taxon_orig,municipality.name,phenology,locality_descript,specimen_type,v_co_canton,xy_precision,altitude_min,cover,md,slug
54,11829188,2022-05-15 12:30:52,585037.4,220459.87,1070009,,Poaceae,Biel/Bienne,5.0,ta43,D,BE,3.0,436.0,16.0,2022-05-15 12:30:52,poaceae
69,11829173,2022-05-15 12:54:47,584922.09,220459.32,1070009,,Poaceae,Biel/Bienne,,ta17,D,BE,3.0,434.3,15.0,2022-05-15 12:54:47,poaceae
84,11829158,2022-05-15 13:09:21,584799.31,220411.46,1070009,,Poaceae,Biel/Bienne,5.0,ta12,,BE,5.5,434.2,16.0,2022-05-15 13:09:21,poaceae
99,11805565,2022-05-09 10:41:21,585412.3,219761.54,1070009,,Poaceae,Nidau,5.0,ta7,D,BE,3.0,433.2,16.0,2022-05-09 10:41:21,poaceae
104,11805560,2022-05-09 10:46:48,585322.31,219644.47,1070009,,Poaceae,Nidau,5.0,ta166,D,BE,2.5,431.8,16.0,2022-05-09 10:46:48,poaceae
139,11805525,2022-05-09 11:24:26,585789.97,220094.88,1070009,,Poaceae,Biel/Bienne,4.0,ta167,,BE,3.5,438.2,14.0,2022-05-09 11:24:26,poaceae
154,11802649,2022-05-01 09:25:02,586623.96,219367.07,1070009,,Poaceae,Brügg,5.0,ta116,D,BE,3.0,439.5,14.0,2022-05-01 09:25:02,poaceae
173,11802630,2022-05-01 09:45:11,586588.75,219386.84,1070009,,Poaceae,Biel/Bienne,5.0,ta127,,BE,3.5,439.2,15.0,2022-05-01 09:45:11,poaceae
209,11802594,2022-05-07 19:41:03,585938.05,220741.81,1070009,,Poaceae,Biel/Bienne,5.0,ta140,D,BE,2.5,437.6,13.0,2022-05-07 19:41:03,poaceae
229,11802574,2022-05-07 20:16:41,585405.6,219754.26,1070009,,Poaceae,Nidau,5.0,ta8,D,BE,3.5,433.2,16.0,2022-05-07 20:16:41,poaceae
254,11802549,2022-05-08 09:10:56,586059.2,219933.83,1070009,,Poaceae,Biel/Bienne,5.0,ta130,D,BE,2.5,436.3,16.0,2022-05-08 09:10:56,poaceae
256,11800389,2022-05-07 20:16:41,585405.6,219754.26,1070009,,Poaceae,Nidau,5.0,ta8,D,BE,3.5,433.2,16.0,2022-05-07 20:16:41,poaceae
292,11780606,2022-04-28 10:56:28,586585.73,221401.55,1070009,,Poaceae,Biel/Bienne,4.0,ta39,,BE,3.0,438.0,15.0,2022-04-28 10:56:28,poaceae
322,11780576,2022-04-30 08:14:38,586348.68,220070.3,1070009,,Poaceae,Biel/Bienne,5.0,bermenstrasse-berm-5,,BE,3.0,439.8,16.0,2022-04-30 08:14:38,poaceae
333,11768276,2022-04-24 09:32:54,585853.33,219945.16,1070009,,Poaceae,Biel/Bienne,4.0,ta5,,BE,2.5,436.6,14.0,2022-04-24 09:32:54,poaceae
342,11768267,2022-04-24 09:40:28,585901.71,220006.96,1070009,,Poaceae,Biel/Bienne,4.0,bstrasse1,D,BE,2.5,436.0,16.0,2022-04-24 09:40:28,poaceae
358,11768251,2022-04-25 10:17:18,585658.46,220058.04,1070009,,Poaceae,Biel/Bienne,5.0,ta112,,BE,2.0,438.6,12.0,2022-04-25 10:17:18,poaceae
396,11768213,2022-04-25 11:00:34,586413.94,219631.45,1070009,,Poaceae,Biel/Bienne,5.0,ta61,,BE,2.0,439.7,16.0,2022-04-25 11:00:34,poaceae
425,11768184,2022-04-25 11:21:03,586410.36,219660.93,1070009,,Poaceae,Biel/Bienne,5.0,ta164,,BE,6.5,439.8,16.0,2022-04-25 11:21:03,poaceae
451,11768158,2022-04-25 16:22:00,585885.5,220733.55,1070009,,Poaceae,Biel/Bienne,4.0,ta142,D,BE,2.0,437.4,16.0,2022-04-25 16:22:00,poaceae
482,11456987,2022-04-18 09:20:40,585600.48,220474.92,1070009,,Poaceae,Biel/Bienne,5.0,ta104,D,BE,2.0,439.2,16.0,2022-04-18 09:20:40,poaceae
502,11456967,2022-04-18 10:24:53,584438.22,220470.41,1070009,,Poaceae,Biel/Bienne,5.0,ta105,,BE,2.0,435.8,16.0,2022-04-18 10:24:53,poaceae
523,11456946,2022-04-18 17:03:07,586016.69,220882.2,1070009,,Poaceae,Biel/Bienne,5.0,ta106,D,BE,1.5,437.4,15.0,2022-04-18 17:03:07,poaceae
545,11456924,2022-04-18 17:26:54,586037.05,220705.44,1070009,,Poaceae,Biel/Bienne,5.0,ta30,D,BE,3.0,437.9,15.0,2022-04-18 17:26:54,poaceae
585,11456884,2022-04-22 17:03:11,587250.1,221857.16,1070009,,Poaceae,Biel/Bienne,4.0,ta31,D,BE,2.0,441.1,15.0,2022-04-22 17:03:11,poaceae
617,11456852,2022-04-22 17:31:52,587304.37,221929.82,1070009,,Poaceae,Biel/Bienne,4.0,ta32,D,BE,3.0,442.2,14.0,2022-04-22 17:31:52,poaceae
621,11456598,2022-04-22 17:31:52,587304.37,221929.82,1070009,,Poaceae,Biel/Bienne,4.0,ta32,D,BE,3.0,442.2,14.0,2022-04-22 17:31:52,poaceae
624,11456595,2022-04-22 17:31:52,587304.37,221929.82,1070009,,Poaceae,Biel/Bienne,4.0,ta32,D,BE,3.0,442.2,14.0,2022-04-22 17:31:52,poaceae
656,11432786,2022-02-27 08:43:30,585827.4,220148.62,1070009,,Poaceae,Biel/Bienne,,ta1,D,BE,2.0,438.9,12.0,2022-02-27 08:43:30,poaceae
658,11432784,2022-02-27 08:48:13,585940.0,220091.21,1070009,,Poaceae,Biel/Bienne,2.0,ta2,,BE,1.5,436.4,13.0,2022-02-27 08:48:13,poaceae
665,11432777,2022-02-27 08:54:58,585910.47,220160.39,1070009,,Poaceae,Biel/Bienne,2.0,ta3,D,BE,1.5,438.2,14.0,2022-02-27 08:54:58,poaceae
678,11432764,2022-02-27 14:25:15,586616.5,220854.71,1070009,,Poaceae,Biel/Bienne,2.0,ta4,,BE,5.5,441.3,14.0,2022-02-27 14:25:15,poaceae
691,11432751,2022-02-28 09:09:49,586349.25,219530.5,1070009,,Poaceae,Biel/Bienne,2.0,ta5,D,BE,2.5,435.9,16.0,2022-02-28 09:09:49,poaceae
698,11432744,2022-02-28 09:16:45,586363.63,219538.52,1070009,,Poaceae,Biel/Bienne,2.0,ta6,,BE,2.0,435.9,16.0,2022-02-28 09:16:45,poaceae
705,11432737,2022-02-28 15:45:49,585417.07,219766.51,1070009,,Poaceae,Nidau,2.0,ta7,D,BE,2.0,433.2,16.0,2022-02-28 15:45:49,poaceae
714,11432728,2022-02-28 15:55:40,585404.85,219768.94,1070009,,Poaceae,Nidau,1.0,ta8,D,BE,2.0,433.2,16.0,2022-02-28 15:55:40,poaceae
721,11432721,2022-02-28 16:00:25,585373.67,219723.69,1070009,,Poaceae,Nidau,2.0,ta9,,BE,2.5,431.9,15.0,2022-02-28 16:00:25,poaceae
728,11432714,2022-03-01 09:02:04,585107.68,219723.67,1070009,,Poaceae,Biel/Bienne,2.0,ta10,D,BE,2.5,430.9,13.0,2022-03-01 09:02:04,poaceae
730,11432712,2022-03-01 16:17:10,586547.4,221385.09,1070009,,Poaceae,Biel/Bienne,1.0,ta11,,BE,2.5,438.0,14.0,2022-03-01 16:17:10,poaceae
736,11432706,2022-03-02 10:20:15,584846.45,220364.64,1070009,,Poaceae,Biel/Bienne,,ta12,D,BE,2.0,433.7,16.0,2022-03-02 10:20:15,poaceae
739,11432703,2022-03-02 10:27:36,584746.44,220608.44,1070009,,Poaceae,Biel/Bienne,2.0,ta13,D,BE,3.0,437.6,16.0,2022-03-02 10:27:36,poaceae
743,11432699,2022-03-02 10:32:17,584765.95,220455.41,1070009,,Poaceae,Biel/Bienne,2.0,ta14,D,BE,2.0,435.5,16.0,2022-03-02 10:32:17,poaceae
752,11432690,2022-03-02 10:42:59,584915.69,220455.61,1070009,,Poaceae,Biel/Bienne,,ta16,,BE,2.5,434.3,16.0,2022-03-02 10:42:59,poaceae
759,11432682,2022-03-02 11:21:32,584914.27,220456.8,1070009,,Poaceae,Biel/Bienne,2.0,ta17,D,BE,2.5,434.3,15.0,2022-03-02 11:21:32,poaceae
764,11432676,2022-03-02 11:26:53,584912.38,220393.74,1070009,,Poaceae,Biel/Bienne,2.0,ta18,D,BE,2.0,433.7,15.0,2022-03-02 11:26:53,poaceae
776,11432659,2022-03-05 17:30:18,585910.22,220726.92,1070009,,Poaceae,Biel/Bienne,2.0,ta20,,BE,2.0,437.7,15.0,2022-03-05 17:30:18,poaceae
777,11432655,2022-03-05 17:31:20,585918.97,220749.79,1070009,,Poaceae,Biel/Bienne,2.0,ta21,D,BE,2.0,437.7,13.0,2022-03-05 17:31:20,poaceae
788,11432644,2022-03-05 17:37:22,585930.04,220721.98,1070009,,Poaceae,Biel/Bienne,2.0,ta22,D,BE,2.0,438.0,14.0,2022-03-05 17:37:22,poaceae
790,11432642,2022-03-05 17:49:09,586010.64,220981.75,1070009,,Poaceae,Biel/Bienne,2.0,ta23,D,BE,2.5,437.3,14.0,2022-03-05 17:49:09,poaceae
794,11432638,2022-03-05 17:54:21,586097.39,221020.77,1070009,,Poaceae,Biel/Bienne,2.0,ta24,D,BE,2.0,437.3,16.0,2022-03-05 17:54:21,poaceae
800,11432632,2022-03-05 17:59:13,586149.79,221047.83,1070009,,Poaceae,Biel/Bienne,2.0,ta25,D,BE,1.5,438.3,16.0,2022-03-05 17:59:13,poaceae
812,11432620,2022-03-06 08:55:35,586207.1,220338.66,1070009,,Poaceae,Biel/Bienne,2.0,ta26,D,BE,3.0,440.0,13.0,2022-03-06 08:55:35,poaceae
814,11432618,2022-03-06 09:04:15,586039.59,220798.8,1070009,,Poaceae,Biel/Bienne,2.0,ta27,D,BE,1.5,437.5,11.0,2022-03-06 09:04:15,poaceae
816,11432616,2022-03-06 09:11:50,585815.5,220649.17,1070009,,Poaceae,Biel/Bienne,2.0,ta28,D,BE,2.0,439.2,16.0,2022-03-06 09:11:50,poaceae
825,11432607,2022-03-06 09:28:37,585903.03,220671.04,1070009,,Poaceae,Biel/Bienne,2.0,ta29,D,BE,3.5,438.7,12.0,2022-03-06 09:28:37,poaceae
833,11432599,2022-03-06 16:33:03,586026.94,220685.77,1070009,,Poaceae,Biel/Bienne,2.0,ta30,D,BE,1.5,438.6,16.0,2022-03-06 16:33:03,poaceae
835,11432597,2022-03-07 16:11:22,587231.84,221836.7,1070009,,Poaceae,Biel/Bienne,2.0,ta31,D,BE,2.0,440.8,15.0,2022-03-07 16:11:22,poaceae
844,11432588,2022-03-07 16:18:48,587278.57,221889.62,1070009,,Poaceae,Biel/Bienne,2.0,ta31,D,BE,4.0,441.2,14.0,2022-03-07 16:18:48,poaceae
849,11432583,2022-03-07 16:24:38,587302.02,221921.42,1070009,,Poaceae,Biel/Bienne,,ta32,D,BE,5.0,441.7,14.0,2022-03-07 16:24:38,poaceae
852,11432580,2022-03-08 18:00:30,586401.97,220754.92,1070009,,Poaceae,Biel/Bienne,2.0,ta33,,BE,2.5,439.2,12.0,2022-03-08 18:00:30,poaceae
857,11432575,2022-03-08 18:06:17,586300.85,220825.01,1070009,,Poaceae,Biel/Bienne,2.0,ta34,,BE,2.0,439.1,14.0,2022-03-08 18:06:17,poaceae
860,11432572,2022-03-09 11:15:02,585478.23,220081.12,1070009,,Poaceae,Biel/Bienne,2.0,ta35,,BE,2.0,435.1,15.0,2022-03-09 11:15:02,poaceae
863,11432569,2022-03-09 11:19:14,585445.67,220094.17,1070009,,Poaceae,Biel/Bienne,2.0,ta36,D,BE,2.5,433.5,16.0,2022-03-09 11:19:14,poaceae
868,11432564,2022-03-09 11:27:45,585433.58,220123.73,1070009,,Poaceae,Biel/Bienne,2.0,,D,BE,3.0,434.5,12.0,2022-03-09 11:27:45,poaceae
870,11432562,2022-03-09 11:30:29,585397.02,220119.02,1070009,,Poaceae,Biel/Bienne,2.0,ta38,,BE,2.0,434.3,15.0,2022-03-09 11:30:29,poaceae
878,11432554,2022-03-10 10:51:31,586562.86,221377.97,1070009,,Poaceae,Biel/Bienne,2.0,ta39,D,BE,4.0,438.0,15.0,2022-03-10 10:51:31,poaceae
886,11432546,2022-03-10 11:04:28,586664.07,221462.04,1070009,,Poaceae,Biel/Bienne,2.0,ta40,,BE,2.0,437.1,16.0,2022-03-10 11:04:28,poaceae
897,11432535,2022-03-10 18:17:56,586685.04,219447.2,1070009,,Poaceae,Brügg,2.0,ta41,,BE,2.0,440.7,15.0,2022-03-10 18:17:56,poaceae
909,11432523,2022-03-10 18:27:03,586707.4,219470.33,1070009,,Poaceae,Brügg,2.0,ta42,D,BE,9.0,441.7,13.0,2022-03-10 18:27:03,poaceae
925,11432507,2022-03-12 13:37:33,584504.3,220538.61,1070009,,Poaceae,Biel/Bienne,2.0,ta44,,BE,2.5,436.7,14.0,2022-03-12 13:37:33,poaceae
942,11432490,2022-03-12 17:06:44,586275.46,220298.14,1070009,,Poaceae,Biel/Bienne,2.0,ta45,D,BE,4.0,440.0,16.0,2022-03-12 17:06:44,poaceae
955,11432477,2022-03-12 17:25:35,586353.05,220105.24,1070009,,Poaceae,Biel/Bienne,2.0,ta46,D,BE,3.5,439.6,13.0,2022-03-12 17:25:35,poaceae
973,11432459,2022-03-13 11:01:47,586796.11,220875.64,1070009,,Poaceae,Biel/Bienne,,ta47,D,BE,2.5,459.2,,2022-03-13 11:01:47,poaceae
985,11432447,2022-03-13 11:13:00,586797.05,221025.16,1070009,,Poaceae,Biel/Bienne,2.0,ta48,D,BE,15.5,440.0,16.0,2022-03-13 11:13:00,poaceae
998,11432434,2022-03-13 11:27:57,586701.17,221012.74,1070009,,Poaceae,Biel/Bienne,2.0,ta49,D,BE,9.5,439.3,16.0,2022-03-13 11:27:57,poaceae
1006,11432426,2022-03-14 13:09:14,584861.47,219588.96,1070009,,Poaceae,Nidau,2.0,ta50,D,BE,2.0,430.0,13.0,2022-03-14 13:09:14,poaceae
1018,11432414,2022-03-14 16:08:06,587316.53,222172.48,1070009,,Poaceae,Biel/Bienne,,ta52,D,BE,2.0,444.2,,2022-03-14 16:08:06,poaceae
1027,11432405,2022-03-14 16:17:43,587261.84,222275.89,1070009,,Poaceae,Biel/Bienne,2.0,ta53,D,BE,7.5,444.3,12.0,2022-03-14 16:17:43,poaceae
1037,11432395,2022-03-16 10:59:39,584929.8,219831.04,1070009,,Poaceae,Nidau,2.0,ta54,,BE,3.0,430.0,15.0,2022-03-16 10:59:39,poaceae
1052,11432380,2022-03-16 11:28:59,585003.64,219699.38,1070009,,Poaceae,Nidau,2.0,ta56,D,BE,2.5,430.0,11.0,2022-03-16 11:28:59,poaceae
1061,11432371,2022-03-17 08:47:52,586565.4,221370.78,1070009,,Poaceae,Biel/Bienne,2.0,ta57,D,BE,3.5,438.0,15.0,2022-03-17 08:47:52,poaceae
1067,11432365,2022-03-19 17:43:50,586486.48,220792.17,1070009,,Poaceae,Biel/Bienne,2.0,ta58,D,BE,3.0,439.9,14.0,2022-03-19 17:43:50,poaceae
1073,11432359,2022-03-19 17:53:09,586464.2,220735.49,1070009,,Poaceae,Biel/Bienne,2.0,ta59,D,BE,2.0,440.2,13.0,2022-03-19 17:53:09,poaceae
1081,11432351,2022-03-19 18:00:58,586491.42,220775.45,1070009,,Poaceae,Biel/Bienne,2.0,ta60,D,BE,1.5,439.9,11.0,2022-03-19 18:00:58,poaceae
1091,11432341,2022-03-20 08:41:13,586415.84,219637.22,1070009,,Poaceae,Biel/Bienne,,ta61,,BE,2.5,439.7,,2022-03-20 08:41:13,poaceae
1098,11432334,2022-03-20 08:45:58,586313.84,219650.95,1070009,,Poaceae,Biel/Bienne,2.0,ta62,D,BE,2.0,440.1,16.0,2022-03-20 08:45:58,poaceae
1109,11432323,2022-03-20 13:50:02,585344.01,221999.89,1070009,,Poaceae,Biel/Bienne,2.0,ta63,D,BE,4.0,565.5,13.0,2022-03-20 13:50:02,poaceae
1118,11432314,2022-03-22 10:42:31,583848.65,220375.87,1070009,,Poaceae,Biel/Bienne,2.0,ta64,,BE,4.5,484.0,15.0,2022-03-22 10:42:31,poaceae
1131,11432301,2022-03-22 17:15:13,586377.02,219100.51,1070009,,Poaceae,Brügg,2.0,ta65,D,BE,8.0,430.3,12.0,2022-03-22 17:15:13,poaceae
1145,11432287,2022-03-22 17:42:42,586578.25,219291.94,1070009,,Poaceae,Biel/Bienne,2.0,ta66,,BE,2.0,433.3,13.0,2022-03-22 17:42:42,poaceae
1156,11432276,2022-03-24 10:53:54,586905.07,221553.25,1070009,,Poaceae,Biel/Bienne,2.0,ta67,,BE,2.0,438.8,16.0,2022-03-24 10:53:54,poaceae
1170,11432262,2022-03-26 09:34:36,586342.36,219830.24,1070009,,Poaceae,Biel/Bienne,2.0,ta69,D,BE,2.0,438.4,16.0,2022-03-26 09:34:36,poaceae
1186,11432246,2022-03-26 09:53:33,586398.21,219705.89,1070009,,Poaceae,Biel/Bienne,2.0,ta70,D,BE,2.0,439.5,16.0,2022-03-26 09:53:33,poaceae
1193,11432239,2022-03-26 17:03:14,585894.73,220573.56,1070009,,Poaceae,Biel/Bienne,4.0,alleestrasse-madretschkanal-1,D,BE,3.0,438.5,16.0,2022-03-26 17:03:14,poaceae
1196,11432236,2022-03-26 17:07:54,585892.0,220613.49,1070009,,Poaceae,Biel/Bienne,4.0,alleestrasse-madretschkanal-2,,BE,2.5,438.5,16.0,2022-03-26 17:07:54,poaceae
1198,11432234,2022-03-26 17:09:57,585891.97,220638.03,1070009,,Poaceae,Biel/Bienne,2.0,alleestrasse-madretschkanal-3,D,BE,2.5,438.5,13.0,2022-03-26 17:09:57,poaceae
1209,11432223,2022-03-26 17:25:18,585898.95,220734.12,1070009,,Poaceae,Biel/Bienne,4.0,ta71,D,BE,3.5,437.4,15.0,2022-03-26 17:25:18,poaceae
1213,11432219,2022-03-26 17:28:32,585894.86,220721.83,1070009,,Poaceae,Biel/Bienne,2.0,ta72,,BE,2.0,437.8,13.0,2022-03-26 17:28:32,poaceae
1222,11432210,2022-03-26 17:59:25,586178.66,221058.9,1070009,,Poaceae,Biel/Bienne,2.0,ta73,D,BE,3.5,437.2,12.0,2022-03-26 17:59:25,poaceae
1304,11432128,2022-03-28 12:17:19,585415.76,219758.38,1070009,,Poaceae,Nidau,2.0,ta9,D,BE,2.5,433.2,13.0,2022-03-28 12:17:19,poaceae
1305,11432127,2022-03-28 12:18:08,585411.35,219772.25,1070009,,Poaceae,Nidau,4.0,ta8,D,BE,2.5,433.2,16.0,2022-03-28 12:18:08,poaceae
1306,11432126,2022-03-28 12:18:51,585419.9,219766.64,1070009,,Poaceae,Nidau,2.0,ta7,D,BE,2.5,433.2,16.0,2022-03-28 12:18:51,poaceae
1321,11432111,2022-03-28 12:35:17,585185.04,219370.06,1070009,,Poaceae,Nidau,2.0,ta76,D,BE,2.5,430.0,15.0,2022-03-28 12:35:17,poaceae
1353,11432079,2022-03-29 17:25:34,586267.8,221261.1,1070009,,Poaceae,Biel/Bienne,4.0,ta79,D,BE,6.0,438.4,12.0,2022-03-29 17:25:34,poaceae
1364,11432068,2022-03-29 17:49:00,586346.49,221288.86,1070009,,Poaceae,Biel/Bienne,4.0,ta80,,BE,4.5,438.7,16.0,2022-03-29 17:49:00,poaceae
1368,11432064,2022-03-30 12:54:54,552323.88,215632.89,1070009,,Poaceae,La Chaux-de-Fonds,2.0,cdf1,,NE,3.5,1001.2,13.0,2022-03-30 12:54:54,poaceae
1384,11432048,2022-04-03 11:32:55,586305.21,219511.22,1070009,,Poaceae,Biel/Bienne,4.0,ta5,D,BE,2.5,434.2,16.0,2022-04-03 11:32:55,poaceae
1395,11432037,2022-04-03 11:42:38,586305.21,219515.43,1070009,,Poaceae,Biel/Bienne,2.0,ta81,D,BE,3.0,434.2,12.0,2022-04-03 11:42:38,poaceae
1419,11432013,2022-04-03 16:20:18,586689.41,221023.66,1070009,,Poaceae,Biel/Bienne,4.0,ta83,D,BE,2.0,439.3,16.0,2022-04-03 16:20:18,poaceae
1446,11431986,2022-04-03 16:45:06,586643.54,220878.34,1070009,,Poaceae,Biel/Bienne,4.0,ta84,D,BE,2.5,440.5,15.0,2022-04-03 16:45:06,poaceae
1447,11431985,2022-04-03 16:58:45,586363.42,219528.44,1070009,,Poaceae,Biel/Bienne,4.0,ta82,D,BE,4.0,434.9,16.0,2022-04-03 16:58:45,poaceae
1463,11431969,2022-04-06 11:25:33,585163.7,220081.35,1070009,,Poaceae,Biel/Bienne,4.0,ta85,D,BE,3.0,432.9,16.0,2022-04-06 11:25:33,poaceae
1471,11431961,2022-04-06 11:32:36,585121.77,220087.86,1070009,,Poaceae,Biel/Bienne,4.0,ta86,D,BE,2.5,432.7,16.0,2022-04-06 11:32:36,poaceae
1481,11431951,2022-04-06 16:11:39,551949.01,215309.56,1070009,,Poaceae,La Chaux-de-Fonds,2.0,cdf3,D,NE,2.5,1005.0,15.0,2022-04-06 16:11:39,poaceae
1494,11431938,2022-04-09 11:14:15,587575.34,218979.58,1070009,,Poaceae,Brügg,2.0,,D,BE,2.5,435.0,13.0,2022-04-09 11:14:15,poaceae
1505,11431927,2022-04-09 16:34:51,585509.7,220067.15,1070009,,Poaceae,Biel/Bienne,2.0,freiburgstrasse-madretschkanal-1,,BE,3.0,434.8,13.0,2022-04-09 16:34:51,poaceae
1532,11431900,2022-04-09 17:18:37,587352.95,221488.91,1070009,,Poaceae,Biel/Bienne,5.0,ta88,,BE,2.0,439.9,16.0,2022-04-09 17:18:37,poaceae
1540,11431892,2022-04-09 17:25:15,587328.64,221466.79,1070009,,Poaceae,Biel/Bienne,5.0,ta89,,BE,2.0,439.9,16.0,2022-04-09 17:25:15,poaceae
1550,11431882,2022-04-09 17:30:36,587315.31,221492.15,1070009,,Poaceae,Biel/Bienne,5.0,ta90,D,BE,1.5,439.8,14.0,2022-04-09 17:30:36,poaceae
1560,11431872,2022-04-09 17:38:50,587324.24,221489.54,1070009,,Poaceae,Biel/Bienne,4.0,ta91,,BE,2.5,439.8,15.0,2022-04-09 17:38:50,poaceae
1568,11431864,2022-04-12 13:14:49,600000.79,200217.04,1070009,,Poaceae,Bern,4.0,bern1,D,BE,5.0,549.9,15.0,2022-04-12 13:14:49,poaceae
1578,11431854,2022-04-13 11:39:53,585025.87,220290.81,1070009,,Poaceae,Biel/Bienne,,,,BE,2.5,433.6,,2022-04-13 11:39:53,poaceae
1603,11431829,2022-04-13 19:25:18,586067.97,219933.75,1070009,,Poaceae,Biel/Bienne,5.0,cffdepot-berm-1,D,BE,2.5,436.3,16.0,2022-04-13 19:25:18,poaceae
1613,11431819,2022-04-13 19:37:33,585958.32,219977.22,1070009,,Poaceae,Biel/Bienne,4.0,ta93,D,BE,1.5,436.2,16.0,2022-04-13 19:37:33,poaceae
1630,11431802,2022-04-14 08:33:49,586625.18,221453.2,1070009,,Poaceae,Biel/Bienne,4.0,ta94,,BE,2.5,436.6,16.0,2022-04-14 08:33:49,poaceae
1642,11431790,2022-04-14 10:46:15,586912.34,221675.5,1070009,,Poaceae,Biel/Bienne,,ta95,,BE,3.0,439.3,16.0,2022-04-14 10:46:15,poaceae
1654,11431778,2022-04-14 10:57:50,586953.86,221714.46,1070009,,Poaceae,Biel/Bienne,4.0,ta96,D,BE,3.0,439.6,16.0,2022-04-14 10:57:50,poaceae
1668,11431764,2022-04-14 11:14:03,586579.61,221435.16,1070009,,Poaceae,Biel/Bienne,,ta97,D,BE,2.5,438.0,15.0,2022-04-14 11:14:03,poaceae
1685,11431747,2022-04-14 18:38:56,586482.37,219750.36,1070009,,Poaceae,Biel/Bienne,4.0,ta98,D,BE,3.5,436.5,16.0,2022-04-14 18:38:56,poaceae
1722,11431710,2022-04-15 17:09:29,585422.44,219900.01,1070009,,Poaceae,Biel/Bienne,4.0,ta3,D,BE,3.0,433.5,15.0,2022-04-15 17:09:29,poaceae
1771,11431661,2022-04-16 08:23:44,585826.85,219901.27,1070009,,Poaceae,Biel/Bienne,5.0,ta135,D,BE,6.0,439.9,16.0,2022-04-16 08:23:44,poaceae
1772,11431660,2022-04-16 08:26:49,585807.41,219896.8,1070009,,Poaceae,Biel/Bienne,5.0,ta136,D,BE,2.0,440.0,16.0,2022-04-16 08:26:49,poaceae
1795,11431637,2022-04-16 08:50:34,586008.81,219828.56,1070009,,Poaceae,Biel/Bienne,5.0,ta102,D,BE,3.5,434.9,16.0,2022-04-16 08:50:34,poaceae
1812,11431620,2022-04-16 09:04:44,586003.37,219908.11,1070009,,Poaceae,Biel/Bienne,5.0,ta103,D,BE,2.5,436.2,16.0,2022-04-16 09:04:44,poaceae
1862,11356253,2022-02-06 09:36:50,585945.47,220031.23,1070009,,Poaceae,Biel/Bienne,2.0,nouri1,,BE,2.0,436.3,,2022-02-06 09:36:50,poaceae
1864,11356251,2022-02-06 09:52:30,585923.65,220547.47,1070009,,Poaceae,Biel/Bienne,,alleestrasse-madretschkanal-1,,BE,2.5,438.7,15.0,2022-02-06 09:52:30,poaceae
1867,11356248,2022-02-06 09:58:09,585896.35,220572.69,1070009,,Poaceae,Biel/Bienne,2.0,alleestrasse-madretschkanal-2,,BE,2.5,438.5,15.0,2022-02-06 09:58:09,poaceae
1872,11356243,2022-02-06 10:03:43,585891.16,220635.38,1070009,,Poaceae,Biel/Bienne,2.0,alleestrasse-madretschkanal-3,,BE,2.5,438.5,14.0,2022-02-06 10:03:43,poaceae
1874,11356241,2022-02-06 10:06:14,585883.23,220696.07,1070009,,Poaceae,Biel/Bienne,2.0,salome-madretdchkanal-1,,BE,2.0,438.4,16.0,2022-02-06 10:06:14,poaceae
1876,11356239,2022-02-06 10:08:00,585887.69,220737.33,1070009,,Poaceae,Biel/Bienne,2.0,salome-madretschkanal-2,,BE,2.0,437.4,15.0,2022-02-06 10:08:00,poaceae
1880,11356235,2022-02-06 10:32:12,585796.9,220941.4,1070009,,Poaceae,Biel/Bienne,2.0,obererquai-box-1,,BE,2.0,438.1,14.0,2022-02-06 10:32:12,poaceae
1881,11356234,2022-02-06 10:33:27,585788.21,220936.08,1070009,,Poaceae,Biel/Bienne,2.0,obererquai-box-2,,BE,2.0,438.1,15.0,2022-02-06 10:33:27,poaceae
1882,11356233,2022-02-06 10:34:46,585784.06,220933.33,1070009,,Poaceae,Biel/Bienne,2.0,obererquai-box-3,,BE,2.0,438.1,13.0,2022-02-06 10:34:46,poaceae
1888,11356227,2022-02-06 10:50:55,586014.95,221124.27,1070009,,Poaceae,Biel/Bienne,,parc-muni-1,,BE,3.0,436.8,13.0,2022-02-06 10:50:55,poaceae
1890,11356225,2022-02-06 10:52:15,585974.58,221133.46,1070009,,Poaceae,Biel/Bienne,,parc-muni-2,,BE,2.0,436.9,,2022-02-06 10:52:15,poaceae
1894,11356221,2022-02-06 11:15:39,586036.8,220807.8,1070009,,Poaceae,Biel/Bienne,,cygnes-cff-1,,BE,2.0,437.5,,2022-02-06 11:15:39,poaceae
1897,11356218,2022-02-07 12:17:41,585846.02,220322.38,1070009,,Poaceae,Biel/Bienne,2.0,hazelnuttree,,BE,2.0,438.7,15.0,2022-02-07 12:17:41,poaceae
1904,11356211,2022-02-07 15:33:04,585957.65,220019.72,1070009,,Poaceae,Biel/Bienne,2.0,nouri-2,,BE,2.5,436.3,14.0,2022-02-07 15:33:04,poaceae
1911,11356204,2022-02-07 16:27:57,585506.14,220065.1,1070009,,Poaceae,Biel/Bienne,2.0,,,BE,3.0,434.8,14.0,2022-02-07 16:27:57,poaceae
1914,11356201,2022-02-08 12:11:27,587791.58,220777.77,1070009,,Poaceae,Biel/Bienne,2.0,mettmoos-1,D,BE,5.5,456.0,14.0,2022-02-08 12:11:27,poaceae
1916,11356199,2022-02-08 12:42:46,587649.0,220790.61,1070009,,Poaceae,Biel/Bienne,2.0,mettmoos-2,D,BE,2.5,457.8,16.0,2022-02-08 12:42:46,poaceae
1920,11356195,2022-02-08 13:07:53,587690.26,220756.95,1070009,,Poaceae,Biel/Bienne,2.0,mettmoos-4,D,BE,2.0,458.6,16.0,2022-02-08 13:07:53,poaceae
1922,11356193,2022-02-08 13:09:03,587706.69,220757.95,1070009,,Poaceae,Biel/Bienne,2.0,mettmoos-5,D,BE,3.5,458.5,12.0,2022-02-08 13:09:03,poaceae
1927,11356188,2022-02-09 11:05:48,585396.44,219914.0,1070009,,Poaceae,Nidau,2.0,alfred-aebi-strasse-area-3,,BE,3.0,433.3,13.0,2022-02-09 11:05:48,poaceae
1931,11356184,2022-02-09 11:14:17,585384.23,219885.18,1070009,,Poaceae,Nidau,2.0,alfred-aebi-strasse-area-2,D,BE,3.0,433.2,12.0,2022-02-09 11:14:17,poaceae
1934,11356181,2022-02-09 11:16:54,585396.8,219878.99,1070009,,Poaceae,Nidau,2.0,alfred-aebi-strasse-area-1,D,BE,2.5,433.2,12.0,2022-02-09 11:16:54,poaceae
1942,11356173,2022-02-09 11:28:32,585359.56,220042.35,1070009,,Poaceae,Biel/Bienne,2.0,sbb-area-4,D,BE,2.0,433.2,14.0,2022-02-09 11:28:32,poaceae
1943,11356172,2022-02-10 17:02:15,586064.31,219939.09,1070009,,Poaceae,Biel/Bienne,,lokomotivdepot-berm-1,D,BE,3.0,436.3,,2022-02-10 17:02:15,poaceae
1944,11356171,2022-02-10 17:05:38,586158.07,219921.58,1070009,,Poaceae,Biel/Bienne,2.0,lokomotivdepot-area-2,D,BE,2.5,438.4,16.0,2022-02-10 17:05:38,poaceae
1946,11356169,2022-02-10 17:07:54,586188.0,219901.76,1070009,,Poaceae,Biel/Bienne,2.0,lokomotivdepot-area-1,D,BE,2.5,438.5,15.0,2022-02-10 17:07:54,poaceae
1948,11356167,2022-02-10 17:11:31,586071.5,219927.83,1070009,,Poaceae,Biel/Bienne,2.0,lokomotivdepot-berm-2,D,BE,2.5,436.3,16.0,2022-02-10 17:11:31,poaceae
1949,11356166,2022-02-10 17:16:08,585980.66,219908.87,1070009,,Poaceae,Biel/Bienne,2.0,muehlefeldweg-berm-1,D,BE,2.0,436.9,15.0,2022-02-10 17:16:08,poaceae
1954,11356161,2022-02-10 17:21:31,585927.04,219905.3,1070009,,Poaceae,Biel/Bienne,2.0,ta135,D,BE,2.0,437.8,16.0,2022-02-10 17:21:31,poaceae
1958,11356157,2022-02-10 17:33:47,586327.91,219610.36,1070009,,Poaceae,Biel/Bienne,2.0,portplatz-box-1,D,BE,2.5,440.2,15.0,2022-02-10 17:33:47,poaceae
1967,11356148,2022-02-11 17:20:06,586127.4,220213.51,1070009,,Poaceae,Biel/Bienne,2.0,blumenrain-area-1,D,BE,4.0,439.7,15.0,2022-02-11 17:20:06,poaceae
1968,11356147,2022-02-12 09:57:53,585659.34,220511.03,1070009,,Poaceae,Biel/Bienne,2.0,cts-1,D,BE,5.5,439.2,14.0,2022-02-12 09:57:53,poaceae
1969,11356146,2022-02-12 11:19:31,585594.7,220480.0,1070009,,Poaceae,Biel/Bienne,2.0,cts-2,D,BE,3.0,439.2,14.0,2022-02-12 11:19:31,poaceae
1970,11356145,2022-02-12 16:40:30,586561.91,219406.93,1070009,,Poaceae,Biel/Bienne,,bielstrasse-berm-2,D,BE,3.0,439.2,,2022-02-12 16:40:30,poaceae
1980,11356135,2022-02-12 16:53:33,586631.75,219350.35,1070009,,Poaceae,Brügg,2.0,bielstrasse-berm-4,D,BE,4.5,438.7,13.0,2022-02-12 16:53:33,poaceae
1985,11356130,2022-02-12 16:59:43,586517.04,219461.87,1070009,,Poaceae,Biel/Bienne,2.0,bielstrasse-1,D,BE,6.0,438.2,15.0,2022-02-12 16:59:43,poaceae
1993,11356122,2022-02-13 09:11:32,586318.22,220191.84,1070009,,Poaceae,Biel/Bienne,2.0,bermenstrasse-1,D,BE,2.0,439.4,15.0,2022-02-13 09:11:32,poaceae
1994,11356121,2022-02-13 09:17:45,586348.39,220038.39,1070009,,Poaceae,Biel/Bienne,2.0,bermenstrasse-berm-5,D,BE,2.0,439.8,15.0,2022-02-13 09:17:45,poaceae
1995,11356120,2022-02-13 09:20:17,586350.99,219982.46,1070009,,Poaceae,Biel/Bienne,2.0,bermenstrasse-2,D,BE,3.5,439.8,13.0,2022-02-13 09:20:17,poaceae
2006,11356109,2022-02-13 11:49:46,586092.52,220141.1,1070009,,Poaceae,Biel/Bienne,2.0,school-1,D,BE,2.0,439.0,11.0,2022-02-13 11:49:46,poaceae
2017,11356098,2022-02-15 10:56:41,585830.79,221891.69,1070009,,Poaceae,Biel/Bienne,2.0,sonnhalde-1,D,BE,2.5,477.0,11.0,2022-02-15 10:56:41,poaceae
2020,11356095,2022-02-15 11:00:01,585860.77,221910.59,1070009,,Poaceae,Biel/Bienne,2.0,sonnhalde-2,D,BE,2.5,477.0,11.0,2022-02-15 11:00:01,poaceae
2024,11356091,2022-02-15 11:06:48,585870.6,221867.55,1070009,,Poaceae,Biel/Bienne,2.0,sonnhalde-3,D,BE,1.5,473.3,16.0,2022-02-15 11:06:48,poaceae
2033,11356082,2022-02-15 13:28:06,587106.94,221987.87,1070009,,Poaceae,Biel/Bienne,2.0,propsteiweg-1,D,BE,3.0,442.8,11.0,2022-02-15 13:28:06,poaceae
2046,11356069,2022-02-15 13:41:11,587118.63,221967.55,1070009,,Poaceae,Biel/Bienne,2.0,schossli-1,D,BE,4.0,442.4,11.0,2022-02-15 13:41:11,poaceae
2050,11356065,2022-02-15 17:02:03,586012.36,220056.26,1070009,,Poaceae,Biel/Bienne,2.0,school-2,D,BE,2.5,436.2,14.0,2022-02-15 17:02:03,poaceae
2055,11356060,2022-02-18 15:20:49,585847.36,220360.31,1070009,,Poaceae,Biel/Bienne,2.0,bahnweg-madretschkanal-1,D,BE,3.0,437.5,16.0,2022-02-18 15:20:49,poaceae
2057,11356058,2022-02-18 15:22:56,585828.32,220348.74,1070009,,Poaceae,Biel/Bienne,2.0,bahnweg-madretschkanal-2,D,BE,2.5,438.6,11.0,2022-02-18 15:22:56,poaceae
2061,11356054,2022-02-18 15:26:02,585859.66,220369.2,1070009,,Poaceae,Biel/Bienne,2.0,bahnweg-madretschkanal-3,D,BE,2.0,437.5,16.0,2022-02-18 15:26:02,poaceae
2070,11356045,2022-02-18 15:33:52,585885.63,220388.28,1070009,,Poaceae,Biel/Bienne,2.0,bahnweg-madretschkanal-4,D,BE,1.5,437.5,12.0,2022-02-18 15:33:52,poaceae
2082,11356033,2022-02-19 17:06:09,586704.32,220193.12,1070009,,Poaceae,Biel/Bienne,2.0,klinik-1,D,BE,3.5,459.0,16.0,2022-02-19 17:06:09,poaceae
2096,11356019,2022-02-20 11:36:32,585665.39,220093.47,1070009,,Poaceae,Biel/Bienne,2.0,zukunftstrasse-madretschkanal-1,D,BE,2.5,438.5,13.0,2022-02-20 11:36:32,poaceae
2099,11356016,2022-02-20 11:43:04,585614.63,220022.86,1070009,,Poaceae,Biel/Bienne,2.0,alfred-aebi-strasse-1,D,BE,2.0,439.2,11.0,2022-02-20 11:43:04,poaceae
2108,11356007,2022-02-20 11:50:37,585663.77,220093.73,1070009,,Poaceae,Biel/Bienne,2.0,zukunftstrasse-1,D,BE,5.5,438.5,13.0,2022-02-20 11:50:37,poaceae
2112,11356003,2022-02-20 11:54:53,585696.04,220100.05,1070009,,Poaceae,Biel/Bienne,2.0,zukunftstrasse-madretschkanal-2,D,BE,2.0,438.5,12.0,2022-02-20 11:54:53,poaceae
2127,11355988,2022-02-20 17:07:14,585522.5,220410.41,1070009,,Poaceae,Biel/Bienne,2.0,kongresshaus-box-2,D,BE,2.0,435.6,14.0,2022-02-20 17:07:14,poaceae
2133,11355982,2022-02-23 09:32:57,585530.08,219665.42,1070009,,Poaceae,Nidau,2.0,,D,BE,3.0,433.4,16.0,2022-02-23 09:32:57,poaceae
2150,11355965,2022-02-23 10:03:18,585490.94,219621.05,1070009,,Poaceae,Nidau,2.0,fc-2,D,BE,2.5,433.2,15.0,2022-02-23 10:03:18,poaceae
2156,11355959,2022-02-24 09:34:00,585645.34,220245.79,1070009,,Poaceae,Biel/Bienne,2.0,schneidergaessli-1,,BE,2.5,438.7,15.0,2022-02-24 09:34:00,poaceae
2157,11355958,2022-02-24 09:52:07,585670.09,221395.11,1070009,,Poaceae,Biel/Bienne,2.0,skatepark-1,D,BE,3.0,439.3,13.0,2022-02-24 09:52:07,poaceae
2160,11355955,2022-02-24 10:23:01,587076.37,222474.62,1070009,,Poaceae,Biel/Bienne,2.0,tloch-1,D,BE,2.0,444.8,13.0,2022-02-24 10:23:01,poaceae
2167,11355948,2022-02-24 10:33:03,587098.19,222472.13,1070009,,Poaceae,Biel/Bienne,2.0,tloch-2,D,BE,2.5,444.8,12.0,2022-02-24 10:33:03,poaceae
2176,11355939,2022-02-24 10:49:45,587078.6,222508.93,1070009,,Poaceae,Biel/Bienne,2.0,tloch-3,,BE,3.0,446.6,14.0,2022-02-24 10:49:45,poaceae
2193,11355922,2022-02-26 09:11:37,584948.89,220252.33,1070009,,Poaceae,Biel/Bienne,2.0,cff-2,D,BE,2.5,432.7,16.0,2022-02-26 09:11:37,poaceae
2200,11355915,2022-02-26 14:15:57,585590.3,219947.82,1070009,,Poaceae,Biel/Bienne,2.0,toadd,D,BE,4.0,439.2,16.0,2022-02-26 14:15:57,poaceae
2205,11355910,2022-02-26 14:25:29,585444.48,219920.8,1070009,,Poaceae,Biel/Bienne,2.0,toadd-3,D,BE,2.5,433.9,14.0,2022-02-26 14:25:29,poaceae
2210,11355905,2022-02-26 14:31:15,585533.14,219984.12,1070009,,Poaceae,Biel/Bienne,2.0,toadd4,D,BE,2.5,434.9,12.0,2022-02-26 14:31:15,poaceae
2215,11355900,2022-02-26 17:44:44,585854.96,219945.96,1070009,,Poaceae,Biel/Bienne,2.0,toadd5,D,BE,3.0,436.6,13.0,2022-02-26 17:44:44,poaceae
2223,11355892,2022-02-26 17:53:46,585902.59,220012.61,1070009,,Poaceae,Biel/Bienne,2.0,bstrasse1,D,BE,2.0,436.5,16.0,2022-02-26 17:53:46,poaceae
2235,11355880,2022-02-26 18:02:21,585946.6,219991.7,1070009,,Poaceae,Biel/Bienne,2.0,nouri3,D,BE,2.5,436.3,11.0,2022-02-26 18:02:21,poaceae
2241,11355874,2022-02-26 18:06:53,585935.33,220016.36,1070009,,Poaceae,Biel/Bienne,2.0,nouri4,D,BE,2.0,436.3,11.0,2022-02-26 18:06:53,poaceae
